,socialmedia,shortinterest,sentiment,risk,pv,other,option,news,model,macro,institutions,insiders,imbalance,fundamental,earnings,analyst
0,socialmedia12,shortinterest43,sentiment1,risk70,pv1,other455,option8,news12,model51,macro38,institutions6,insiders1,imbalance5,fundamental6,earnings6,analyst4
1,socialmedia8,shortinterest24,sentiment27,risk62,pv13,other335,option9,news18,model77,macro27,institutions18,insiders3,,fundamental2,earnings27,analyst15
2,socialmedia4,shortinterest29,sentiment21,risk60,pv87,other566,option40,news21,model26,other551,institutions20,insiders4,,fundamental17,earnings7,analyst7
3,socialmedia5,,other553,risk72,pv29,other384,option3,news7,model165,macro4,,,,fundamental28,,analyst14
4,,,sentiment26,risk65,pv103,earningscall_sentiment,,news5,model109,macro10,,,,fundamental13,,analyst69
5,,,sentiment7,,pv30,other296,,news31,model16,macro17,,,,fundamental23,,model211
6,,,sentiment22,,pv104,other596,,news52,fundamental65,macro63,,,,fundamental7,,analyst16
7,,,sentiment23,,pv20,other567,,news46,other460,,,,,fundamental14,,analyst11
8,,,,,pv52,other571,,news3,model110,,,,,fundamental3,,analyst44
9,,,,,pv141,other424,,news17,other432,,,,,fundamental31,,analyst10
10,,,,,pv53,other327,,news50,model53,,,,,fundamental72,,analyst82
11,,,,,pv64,other699,,news48,model230,,,,,fundamental110,,news87
12,,,,,pv98,other580,,news38,model10,,,,,other416,,analyst83
13,,,,,pv115,other685,,news97,model264,,,,,fundamental91,,analyst49
14,,,,,pv48,other436,,news36,model30,,,,,fundamental1,,analyst8
15,,,,,pv47,other128,,news94,model262,,,,,fundamental69,,analyst48
16,,,,,univ1,other359,,news73,model31,,,,,fundamental21,,other423
17,,,,,pv63,other315,,news85,model37,,,,,other452,,analyst35
18,,,,,pv173,other545,,news23,model28,,,,,fundamental93,,analyst45
19,,,,,pv109,search_interest,,news84,model135,,,,,fundamental35,,analyst57
20,,,,,pv3,other546,,news22,model219,,,,,fundamental67,,analyst94
21,,,,,univ2,other250,,news59,model29,,,,,fundamental22,,
22,,,,,pv106,other623,,news81,shortinterest7,,,,,fundamental25,,
23,,,,,pv149,other635,,news76,shortinterest6,,,,,,,
24,,,,,,,,news29,model57,,,,,,,
25,,,,,,,,,model36,,,,,,,
26,,,,,,,,,model138,,,,,,,
27,,,,,,,,,model39,,,,,,,
28,,,,,,,,,model194,,,,,,,
29,,,,,,,,,model106,,,,,,,
30,,,,,,,,,model239,,,,,,,
31,,,,,,,,,other351,,,,,,,
32,,,,,,,,,model227,,,,,,,
33,,,,,,,,,model354,,,,,,,
34,,,,,,,,,other238,,,,,,,
35,,,,,,,,,model243,,,,,,,
36,,,,,,,,,model127,,,,,,,
37,,,,,,,,,model238,,,,,,,
38,,,,,,,,,model68,,,,,,,
39,,,,,,,,,model140,,,,,,,
40,,,,,,,,,model257,,,,,,,
41,,,,,,,,,model144,,,,,,,
42,,,,,,,,,model22,,,,,,,
43,,,,,,,,,model21,,,,,,,
44,,,,,,,,,model313,,,,,,,
45,,,,,,,,,model307,,,,,,,
46,,,,,,,,,model253,,,,,,,
47,,,,,,,,,model41,,,,,,,
